{
  "project_info": {
    "project_number": "107740208794",
    "firebase_url": "https://btlnhom2-4660e-default-rtdb.firebaseio.com",
    "project_id": "btlnhom2-4660e",
    "storage_bucket": "btlnhom2-4660e.firebasestorage.app"
  },
  "client": [
    {
      "client_info": {
        "mobilesdk_app_id": "1:107740208794:android:3b7a4c106b5d2337800923",
        "android_client_info": {
          "package_name": "com.example.mobileapp"
        }
      },
      "oauth_client": [],
      "api_key": [
        {
          "current_key": "AIzaSyDfWzt1HJGbIGm21vI8M2gskM1UBejc3f0"
        }
      ],
      "services": {
        "appinvite_service": {
          "other_platform_oauth_client": []
        }
      }
    }
  ],
  "configuration_version": "1"
}